{"_timestamp":1.7449769998860703e+09,"_runtime":2.179198509,"_step":2,"_wandb":{"runtime":3},"s1":0.125,"s2":0.02857142857142858}