{"_timestamp":1.7449769846501372e+09,"_runtime":0.831589972,"_step":0,"s1":0.075,"_wandb":{"runtime":7},"s2":0.027027027027027084}