{"_wandb":{"runtime":71},"s1":0.075,"s2":0.027027027027027084,"_timestamp":1.744977059721131e+09,"_runtime":0.9196415,"_step":0}