{"s1":0.075,"s2":0.1351351351351351,"_timestamp":1.7449770250100374e+09,"_runtime":1.980136756,"_step":3,"_wandb":{"runtime":2}}