{"_step":0,"_wandb":{"runtime":684},"s1":0.075,"s2":0.027027027027027084,"_timestamp":1.7415951966103728e+09,"_runtime":1.00940879}