{"s1":0.125,"s2":0.08571428571428563,"_timestamp":1.7449769609196613e+09,"_wandb":{"runtime":2},"_runtime":2.219313434,"_step":4}