{"s2":0.032258064516129115,"_timestamp":1.741595957590171e+09,"_wandb":{"runtime":15},"_runtime":13.909536414,"_step":9,"s1":0.225}