{"s1":0.075,"s2":0.027027027027027084,"_timestamp":1.7449771382423632e+09,"_wandb":{"runtime":169},"_runtime":0.835047296,"_step":0}