{"_step":4,"s1":0.125,"s2":0.08571428571428563,"_wandb":{"runtime":8},"_timestamp":1.7413256365604045e+09,"_runtime":6.654821427}