{"_wandb":{"runtime":3},"_timestamp":1.7449770382882268e+09,"_runtime":2.426420278,"_step":2,"s1":0.125,"s2":0.02857142857142858}