{"s1":0.075,"_wandb":{"runtime":4},"s2":0.08108108108108114,"_timestamp":1.7413257232522876e+09,"_runtime":2.594607441,"_step":1}